F1-score (micro),Precision (macro),Recall (macro),F1-score (macro),Accuracy
0.9804600592489288,0.9768171325315658,0.7242139017433608,0.761483747868237,0.9806599091647367
