{
  "timestamp": "2025-03-21T17:50:56.912000",
  "total_time": 713.7164897918701,
  "section_times": {
    "preprocessing": 99.99443912506104,
    "feature_engineering": 2.0703279972076416,
    "feature_selection": 0.29642701148986816,
    "dimension_reduction": 207.91236758232117,
    "rf_selection": 0.36345672607421875,
    "model_training": 394.37901997566223,
    "total": 713.7164897918701
  }
}