{"split_id": 188, "timestamp": "2025-03-21T07:53:29.247486", "training_time": 84.4970030784607, "num_instances": 15127, "num_selected_features": 22, "selected_features": [" Flow IAT Mean", " Fwd IAT Mean", " Flow Duration", "Fwd IAT Total", " Average Packet Size", " Packet Length Mean", " Max Packet Length", " Packet Length Variance", " Flow IAT Std", " Packet Length Std", " Bwd Packet Length Mean", " Avg Bwd Segment Size", " Bwd Packet Length Std", " Fwd IAT Std", "Bwd Packet Length Max", " Flow IAT Max", " Fwd IAT Max", " Idle Min", "Idle Mean", " Idle Max", " Flow Packets/s", "Flow Bytes/s"], "feature_weights": [0.00014678944717161357, 0.00020281790057197213, 0.0007741423905827105, 0.0009260847582481802, 0.0011228296207264066, 0.0012367675080895424, 0.0014240567106753588, 0.0016061259666457772, 0.001784209394827485, 0.002150165382772684, 0.0022804010659456253, 0.0022804010659456253, 0.0025399450678378344, 0.003054697997868061, 0.0032967606093734503, 0.004166614264249802, 0.004247912205755711, 0.004311922937631607, 0.004329162649810314, 0.004376412369310856, NaN, NaN]}