F1-score (micro),Precision (macro),Recall (macro),F1-score (macro),Accuracy
0.8381126958568598,0.37047385350068035,0.2944094865336752,0.32075989745867795,0.8740231316757461
