{"f1_score": 0.974894724364636, "precision_macro": 0.8307547841777971, "recall_macro": 0.7023464977576054, "fscore_macro": 0.7387379511709223, "accuracy": 0.9752578448796724, "detailed_results": {"attack": {"0": 0.0, "1": 1.0, "2": 2.0, "3": 3.0, "4": 4.0, "5": 5.0, "6": 6.0}, "original_label": {"0": "ddos", "1": "benign", "2": "botnet", "3": "brute_force", "4": "probe", "5": "dos", "6": "web_attack"}, "precision": {"0": 0.9763669875076797, "1": 0.9869630601689672, "2": 1.0, "3": 0.9958960328317373, "4": 0.9927126012573109, "5": 0.8633448074788856, "6": 0.0}, "recall": {"0": 0.9336884571697153, "1": 0.9864331063015085, "2": 0.31139240506329113, "3": 0.7819548872180451, "4": 0.9957022304482857, "5": 0.9072543981023917, "6": 0.0}, "fscore": {"0": 0.9545509149881872, "1": 0.9866980120759069, "2": 0.4749034749034749, "3": 0.8760529482551144, "4": 0.9942051683633516, "5": 0.8847551396104208, "6": 0.0}}}