F1-score (micro),Precision (macro),Recall (macro),F1-score (macro),Accuracy
0.9765546740686935,0.8358076491434984,0.6947526413637294,0.7317335255562657,0.9773884950256458
