,precision,recall,f1-score,support
BENIGN,0.998813969198406,0.9992383283729285,0.9990261037216043,454264.0
Bot,0.9306930693069307,0.7212276214833759,0.8126801152737753,391.0
Brute Force,0.6923076923076923,0.17940199335548174,0.2849604221635884,301.0
DDoS,0.9996092681592623,0.9991407928139036,0.9993749755849838,25605.0
DoS GoldenEye,0.9927360774818402,0.9956289460903351,0.9941804073714839,2059.0
DoS Hulk,0.9975266320973726,0.9989570885388376,0.9982413478657345,46025.0
DoS Slowhttptest,0.9846153846153847,0.9890909090909091,0.9868480725623583,1100.0
DoS slowloris,0.9947916666666666,0.9887834339948232,0.9917784508870618,1159.0
FTP-Patator,1.0,0.9987397605545053,0.9993694829760403,1587.0
PortScan,0.9937083294206028,0.999527722678757,0.9966095309851196,31761.0
SSH-Patator,1.0,0.9991525423728813,0.9995760915642221,1180.0
XSS,0.7142857142857143,0.038461538461538464,0.072992700729927,130.0
accuracy,0.9983220230496391,0.9983220230496391,0.9983220230496391,0.9983220230496391
macro avg,0.9415906502949892,0.825612556484023,0.8446364751404917,565562.0
weighted avg,0.9981306815252642,0.9983220230496391,0.9980665326947791,565562.0
