F1-score (micro),Precision (macro),Recall (macro),F1-score (macro),Accuracy
0.98370683122492,0.9566706672754799,0.7538570111170922,0.8029982974497729,0.9838357817335134
