,precision,recall,f1-score,support
BENIGN,0.9983871761489972,0.9825145730236162,0.9903872824545715,454264.0
Bot,0.009995485909589218,0.39641943734015345,0.01949930808906781,391.0
Brute Force,0.39603960396039606,0.132890365448505,0.19900497512437812,301.0
DDoS,0.9997264877114836,0.9992579574301894,0.9994921676627994,25605.0
DoS GoldenEye,0.9970745977571916,0.9932005828071879,0.9951338199513382,2059.0
DoS Hulk,0.9973109535272049,0.9992178164041282,0.9982634743536869,46025.0
DoS Slowhttptest,0.9882121807465619,0.9145454545454546,0.9499527856468366,1100.0
DoS slowloris,0.9954285714285714,0.7515099223468508,0.856440511307768,1159.0
FTP-Patator,1.0,0.9987397605545053,0.9993694829760403,1587.0
PortScan,0.9915211761757581,0.7474260885992254,0.8523418846381703,31761.0
SSH-Patator,1.0,0.9991525423728813,0.9995760915642221,1180.0
XSS,0.01618705035971223,0.06923076923076923,0.026239067055393587,130.0
accuracy,0.9698759817668089,0.9698759817668089,0.9698759817668089,0.9698759817668089
macro avg,0.782490273643789,0.748675439175289,0.7404750709020228,565562.0
weighted avg,0.9967222369940467,0.9698759817668089,0.9820825489519966,565562.0
