,precision,recall,f1-score,support
BENIGN,0.9947136628225447,0.9993836183364739,0.9970431723195834,681396.0
Bot,1.0,0.018739352640545145,0.03678929765886288,587.0
Brute Force,1.0,0.0,0.0,452.0
DDoS,0.999869533451623,0.9976827744219954,0.998774956993171,38408.0
DoS GoldenEye,0.9996478873239436,0.9193652849740933,0.9578272604588394,3088.0
DoS Hulk,0.9980565239967362,0.9744629691324942,0.9861186438193518,69037.0
DoS Slowhttptest,0.9935022742040286,0.9266666666666666,0.9589212919410474,1650.0
DoS slowloris,0.9976004799040192,0.9562967222541691,0.9765120375807399,1739.0
FTP-Patator,1.0,0.996218487394958,0.9981056619659019,2380.0
PortScan,0.9939439502150942,0.9990554354442602,0.9964931380656777,47641.0
SSH-Patator,1.0,0.9638213680045223,0.9815774323546345,1769.0
XSS,1.0,0.0,0.0,196.0
accuracy,0.995214199916779,0.995214199916779,0.995214199916779,0.995214199916779
macro avg,0.9981111926598324,0.7293077232725148,0.7406802410964842,848343.0
weighted avg,0.9952309745891069,0.995214199916779,0.9944873981566471,848343.0
